{"cameraMode":{"drawMode":0,"name":"Shaded","section":"Shading Mode"},"sceneLighting":true,"audioPlay":false,"sceneViewState":{"m_AlwaysRefresh":false,"showFog":true,"showSkybox":true,"showFlares":true,"showImageEffects":true,"showParticleSystems":true,"showVisualEffectGraphs":true,"m_FxEnabled":true},"in2DMode":false,"pivot":{"x":-22.600000381469728,"y":3.1999998092651369,"z":-29.299999237060548},"rotation":{"x":0.08702028542757034,"y":-0.31373876333236697,"z":0.02887558937072754,"w":0.9451366662979126},"size":2.2026069164276125,"orthographic":false}