{"cameraMode":{"drawMode":0,"name":"Shaded","section":"Shading Mode"},"sceneLighting":true,"audioPlay":false,"sceneViewState":{"m_AlwaysRefresh":false,"showFog":true,"showSkybox":true,"showFlares":true,"showImageEffects":true,"showParticleSystems":true,"showVisualEffectGraphs":true,"m_FxEnabled":true},"in2DMode":false,"pivot":{"x":9.832221031188965,"y":26.028047561645509,"z":63.463134765625},"rotation":{"x":-0.030872199684381486,"y":0.19974637031555177,"z":-0.005347830709069967,"w":-0.9799068570137024},"size":0.8660253882408142,"orthographic":false}