{"cameraMode":{"drawMode":0,"name":"Shaded","section":"Shading Mode"},"sceneLighting":true,"audioPlay":false,"sceneViewState":{"m_AlwaysRefresh":false,"showFog":true,"showSkybox":true,"showFlares":true,"showImageEffects":true,"showParticleSystems":true,"showVisualEffectGraphs":true,"m_FxEnabled":true},"in2DMode":false,"pivot":{"x":306.4388427734375,"y":257.7714538574219,"z":49.425811767578128},"rotation":{"x":-0.02363787777721882,"y":0.07101673632860184,"z":-0.0016841120086610318,"w":-0.9972031116485596},"size":351.4410400390625,"orthographic":true}