{"cameraMode":{"drawMode":0,"name":"Shaded","section":"Shading Mode"},"sceneLighting":true,"audioPlay":false,"sceneViewState":{"m_AlwaysRefresh":false,"showFog":true,"showSkybox":true,"showFlares":true,"showImageEffects":true,"showParticleSystems":true,"showVisualEffectGraphs":true,"m_FxEnabled":true},"in2DMode":false,"pivot":{"x":-12.286375045776368,"y":3.9946656227111818,"z":5.479632377624512},"rotation":{"x":-0.004167918581515551,"y":-0.9840697646141052,"z":0.17684490978717805,"w":-0.02334212139248848},"size":0.8660253882408142,"orthographic":false}