{"cameraMode":{"drawMode":0,"name":"Shaded","section":"Shading Mode"},"sceneLighting":true,"audioPlay":false,"sceneViewState":{"m_AlwaysRefresh":false,"showFog":true,"showSkybox":true,"showFlares":true,"showImageEffects":true,"showParticleSystems":true,"showVisualEffectGraphs":true,"m_FxEnabled":true},"in2DMode":false,"pivot":{"x":5.9679694175720219,"y":10.025182723999024,"z":-6.8061113357543949},"rotation":{"x":0.21360281109809876,"y":-0.3218259811401367,"z":0.07473193109035492,"w":0.919675350189209},"size":1.2069296836853028,"orthographic":false}