{"cameraMode":{"drawMode":0,"name":"Shaded","section":"Shading Mode"},"sceneLighting":true,"audioPlay":false,"sceneViewState":{"m_AlwaysRefresh":false,"showFog":true,"showSkybox":true,"showFlares":true,"showImageEffects":true,"showParticleSystems":true,"showVisualEffectGraphs":true,"m_FxEnabled":true},"in2DMode":false,"pivot":{"x":494.1515197753906,"y":15.531116485595704,"z":-78.93475341796875},"rotation":{"x":0.030201125890016557,"y":0.023376261815428735,"z":-0.0008407942368648946,"w":0.9995541572570801},"size":418.8902282714844,"orthographic":false}