{"cameraMode":{"drawMode":0,"name":"Shaded","section":"Shading Mode"},"sceneLighting":false,"audioPlay":false,"sceneViewState":{"m_AlwaysRefresh":false,"showFog":true,"showSkybox":false,"showFlares":true,"showImageEffects":true,"showParticleSystems":true,"showVisualEffectGraphs":true,"m_FxEnabled":true},"in2DMode":false,"pivot":{"x":-1.5736825466156006,"y":1.3125859498977662,"z":-1.0751341581344605},"rotation":{"x":-0.07425989210605622,"y":-0.0032873121090233328,"z":0.00026378396432846785,"w":-0.9975037574768066},"size":1.3605550527572632,"orthographic":false}